text;original_keywords;manual_keywords
"Завершились региональные кейс-чемпионаты школьников по экономике и предпринимательству, на которые были приглашены 2838 человек в составе 780 команд. Их победители станут участниками финального кейс-чемпионата, который состоится 4-5 декабря в Москве.

Всероссийский кейс-чемпионат школьников по экономике и предпринимательству второй год проводится по инициативе Министерства экономического развития РФ. Генеральными партнерами также являются McKinsey&Company, Торгово-промышленная палата России и РСПП. Участвовать в нем могут команды старшеклассников и учащихся организаций среднего профессионального образования, регион участия можно выбрать независимо от места жительства.

Региональные кейс-чемпионаты проводятся на базе ведущих российских университетов, фондов по развитию предпринимательства и других организаций. Во многих субъектах Федерации их поддерживают органы власти, территориальные торгово-промышленные палаты и бизнес. А «Почта России» в этом году за свой счет доставила во все регионы сувениры с символикой кейс-чемпионата, а также подарки победителям.

Каждая команда могла выбирать один из двух треков: решать кейс, предложенный организаторами (этот трек выбрали примерно 60% команд), или представить потенциальным инвесторам свой бизнес-проект (40%). Кейс был посвящен транспортным проблемам, его автором стала выпускница ВШЭ, ассоциат McKinsey&Company Валерия Усманова, в прошлом – победитель Всероссийской олимпиады школьников. Бизнес-проект нужно было представить по ESG-повестке: E (environment) – экология, S(social) – социальная политика, G (governance) – корпоративное управление.

Региональные кейс-чемпионаты прошли в 21 городе, в том числе в семи – впервые. Больше всего команд было приглашено к участию в Москве (199), Санкт-Петербурге (71), Екатеринбурге (57), Омске (50) и Перми (47).

Генеральным партнером регионального кейс-чемпионата в Москве стала Московская торгово-промышленная палата. В работе жюри участвовали ее вице-президент Владимир Мохте и заместитель руководителя управления реализации программ и проектов Ирина Федорова. Членами жюри стали, в частности, генеральный директор компании «ЗелМедЦентр» Денис Алексеев и депутат Мосгордумы Андрей Титов.

Владимир Мохте, вице-президент Московской торгово-промышленной палаты
Владимир Мохте, вице-президент Московской торгово-промышленной палаты

Московская торгово-промышленная палата – крупнейшее объединение предпринимателей, в него выходят более 3,8 тыс. организаций, и мы, как никто другой, понимаем потребность бизнеса в квалифицированных кадрах. Нам нужны молодые специалисты, которые не просто получили классическое образование, но и умеют решать такие нестандартные кейсы, как на Всероссийском кейс-чемпионате, обладают навыками адаптации в корпоративной среде. Ведь бизнес – очень сложная работа, требующая огромного количества знаний и навыков из разных отраслей экономики.

В Москве победителями были признаны 12 команд, в том числе команда FBA из Самары – абсолютным победителем, все они приглашены на финал. Специальные номинации были установлены представителями московского бизнеса за лучшее «зеленое» решение (компания DuPont Sustainable Solutions), за лучшее социальное решение (Сбер) и за лучшее управленческое решение (ведущий производитель на рынке деревообработки «Свеза»).

Дипломанты региональных кейс-чемпионатов получат дополнительные баллы при поступлении на 20 образовательных программ ВШЭ (из них 14 – в московском кампусе): 2 балла – призеры, 3 балла – победители.

4-5 декабря в Москве победители региональных кейс-чемпионатов примут участие во Всероссийском кейс-чемпионате, организатором которого выступит Высшая школа экономики. Его победителей и призеров ожидают более существенные преференции: 6 дополнительных баллов при поступлении в ВШЭ получат призеры, 8 – победители. Если общей суммы баллов не хватит, чтобы попасть на бюджет, им будет предоставлено право обучения за счет ВШЭ на ряде образовательных программах факультета экономических наук и Высшей школы бизнеса.

Тамара Протасевич, директор по профессиональной ориентации и работе с одаренными учащимися ВШЭ
Тамара Протасевич, директор по профессиональной ориентации и работе с одаренными учащимися ВШЭ

Примерив на себя роль предпринимателя во время регионального кейс-чемпионата, каждый участник понял, что бизнес – дело серьезное. Предприниматель должен разбираться в экономике и финансах, управлять людьми, уметь вести за собой людей, брать на себя ответственность и рисковать. Участвуя в состязании, ребята «прокачали» свою креативность и критическое мышление, способность к кооперации и коммуникации. Неважно, удалось победить или нет, но я уверена, что всем удалось приобрести новые знания, умения и навыки. Так что в этом состязании нет проигравших.";идеи и опыт, приглашение к участию, кейс-чемпионат школьников по экономике и предпринимательству;региональный кейс-чемпионат, всероссийский кейс-чемпионат, кейс-чемпионат школьников, кейс, региональный, команда, ВШЭ, Торгово-промышленная палата, победитель, предпринимательство, бизнес, Москва, экономика
"Премьер-министр Михаил Мишустин предложил Ярославу Кузьминову возглавить Экспертный совет при правительстве, чтобы на системной основе организовать взаимодействие кабинета министров с экспертным сообществом. Он также отметил, что ВШЭ – это один из ведущих вузов страны, много лет занимающийся экспертизой различного рода нормативных документов и проектов. Ярослав Кузьминов поблагодарил премьера за предложение и попросил дать совету право информационной инициативы.

Председатель правительства Михаил Мишустин провел рабочую встречу с научным руководителем Высшей школы экономики Ярославом Кузьминовым. Он подчеркнул, что кабинет министров сейчас активно работает над достижением поставленных президентом России национальных целей развития, реализацией национальных проектов, государственных программ и одобренных недавно 42 стратегических инициатив социально-экономического развития страны.

Все эти цели, задачи и проекты прорабатывались с экспертным сообществом, и это взаимодействие было очень продуктивным, отметил Михаил Мишустин. Но необходимо, чтобы эксперты взаимодействовали с правительством по проектам «в течение всего пути – с начальных этапов разработки до практической реализации».

«Вы, уважаемый Ярослав Иванович, долгое время возглавляли Высшую школу экономики, создавали ее и сейчас являетесь научным руководителем. Сегодня это один из ведущих вузов страны. Школа много лет занималась, в том числе, экспертизой различного рода нормативных документов и проектов, – сказал премьер-министр. – И, учитывая Ваш опыт в этой сфере, хотел бы предложить Вам возглавить Экспертный совет при Правительстве Российской Федерации. И на системной основе организовать взаимодействие правительства с экспертным сообществом. Задача это непростая. Мне кажется, что Вы вполне, учитывая Ваш опыт и профессионализм, сможете с ней справиться. Хотел бы услышать Ваше мнение на этот счет, в том числе и о возможной работе совета».

Михаил Мишустин, премьер-министр РФ
Михаил Мишустин, премьер-министр РФ

Ярослав Кузьминов поблагодарил Михаила Мишустина за высокую оценку работы Вышки, подчеркнув, что экспертная работа – это всегда большая ответственность, и для любого ученого очень важна «включенность в решение действительно важных для народа проблем и для экономики задач». Он выразил готовность принять участие в работе «экспертного совета.

По мнению научного руководителя ВШЭ, работа совета должна строиться не с единожды утвержденным списком, а на основе постоянно меняющегося состава проблемных групп с широким кругом экспертов. Сейчас появилось много новых, молодых квалифицированных специалистов – из бизнеса, региональных правительств и университетов, получивших образование и профессиональный опыт уже в новой России в XXI веке.

Ярослав Кузьминов также считает, что «нормальная экспертиза должна основываться на данных – это статистика, ведомственная статистика, социология, и это новый информационный ресурс современности – большие данные».

Ярослав Кузьминов, научный руководитель НИУ ВШЭ
Ярослав Кузьминов, научный руководитель НИУ ВШЭ

Ярослав Кузьминов попросил у премьер-министра «право информационной инициативы» для Экспертного совета, чтобы тот мог инициировать новое исследование, собирать новые данные. «И конечно, совет должен заниматься своей главной работой – это предварительное обсуждение нормативных и законопроектных решений. Анализом того, как действия правительства могут повлиять на экономику, на общество», – резюмировал научный руководитель.

Михаил Мишустин поддержал подход Ярослава Кузьминова. «Вы сейчас сказали очень важную вещь – это “экономика на основании данных”. Я глубокий сторонник того, что экономика на основе первичных данных, правильно, соответствующим образом обработанных и правильно поданных, в этом смысле гораздо достовернее. И предиктивная аналитика на такой базе строится, и многие модели, цифровые платформы, которые сегодня превалируют в мире, в крупных корпорациях», – отметил он.

Премьер-министр сообщил, что Экспертный совет будет координировать работу с руководителем аппарата правительства Дмитрием Григоренко, и подчеркнул, что даст соответствующее поручение членам правительства, «чтобы Вам оказывали всяческое содействие в этой вашей работе».
";идеи и опыт, новое в ВШЭ, экспертиза, официально;Михаил Мишустин, Ярослав Кузьминов, экспертиза, экспертный совет при Правительстве, экспертное сообщество,  экспертиза документов и проектов, Высшая школа экономики
"Сегодня публикацией предметного рейтинга «Искусство и гуманитарные науки» британского издания THE завершен годовой цикл публикаций трех основных мировых рейтингов ? THE, QS и ARWU. По сравнению с прошлым годом Высшая школа экономики увеличила количество позиций в топ-100 предметных рейтингов ТНЕ, QS и ARWU в два раза ? с 6 до 12.

В рейтинге QS Вышка вошла в сотню лучших мировых вузов по трем новым предметам: образование, математика, философия; в ARWU ? по математике, в ТНЕ ? по праву и социальным наукам.

 

По итогам 2021 года Высшая школа экономики:
2
место в России по количеству позиций в топ-100 предметных рейтингов университетов мира

12
предметов в топ-100 мировых рейтингов

2
место в России по общему количеству позиций в предметных рейтингах университетов мира

41
позицию получила в мировых предметных рейтингах в 2021 году

>50%
позиций имеет как лучший или единственный представитель России

 

«Ежегодно мы подводим итоги участия российских университетов в мировых рейтингах, анализируем успехи и неудачи, чтобы сделать для себя определенные выводы и наметить новые планы развития.

2021 год принес нам хорошие результаты, Вышка последовательно шла к расширению своих предметных областей до многопрофильного университета. Вышка ? очень молодой университет по меркам системы высшего образования, ей через месяц исполнится всего 29 лет, первые 20 из которых она развивалась как университет социально-экономического профиля. Поэтому лучшие свои результаты мы показываем в предметах именно этого профиля, что в этом году было отмечено международной наградой за лучшую практику в управлении научной деятельностью от компании Elsevier и рейтингового агентства QS.

Последние 10 лет в университете открылись инженерный и естественно-научные факультеты, факультеты математики и компьютерных наук.

И за этот короткий срок Вышка вошла в топ-листы лучших университетов мира по всем областям знаний, в том числе и Life Science, кроме медицины, а по математике в этом году вошла в топ-100 сразу трех мировых рейтингов ? QS, ARWU, US News», ? прокомментировала старший директор по стратегическому развитию НИУ ВШЭ Ирина Карелина.

В опубликованном сегодня рейтинге ТНЕ «Искусство и гуманитарные науки» ВШЭ улучшила показатели и перешла в диапазон 151–175, разделив 3–4-е место среди российских вузов с ТГУ. Всего в рейтинг вошло 8 университетов из России.

ВШЭ в этом году увеличила присутствие в мировых рейтингах до 41 предметов, показав многопрофильность своей деятельности, что позволило стать одним из трех лучших российских вузов вместе с МГУ и СПбГУ – классическими университетами с богатой историей. По 22 направлениям ВШЭ лидирует в России ? этот показатель увеличился на один предмет за год, из них по шести является единственным российским вузом, а значит представляет систему высшего образования всей страны в мире.

Методология предметных рейтингов, так же как и институционального, строится на 13 индикаторах, объединенных в 5 категорий, но вес индикаторов меняется в зависимости от предметных областей.";официально, бакалавриат, магистратура, Академический рейтинг мировых университетов (ARWU), международные рейтинги, рейтинг QS, рейтинг THE;"рейтинг ""Искусство и гуманитарные науки"", предметный рейтинг, ВШЭ, топ-100, мировой рейтинг, рейтинг университетов, академический рейтинг мировых университетов (ARWU), лучший мировой ВУЗ, университет, предмет, факультет"
"Компания Яндекс создала консультативный совет по развитию своей экосистемы.  Миссия совета — содействовать формированию саморегулирования открытой экосистемы Яндекса с участием его партнеров и пользователей. В состав совета вошли представители НИУ ВШЭ — научный руководитель Ярослав Кузьминов, вице-президент, профессор Игорь Агамирзян и доцент факультета права Дмитрий Гриц.

Как сообщил Яндекс, консультативный совет будет инициировать исследования цифровых экосистем, поддерживать диалог с представителями интернет-индустрии, общества и бизнеса и на основе этой информации готовить рекомендации по саморегулированию экосистемы Яндекса «с учетом мнений всех заинтересованных сторон».

«Сегодня Яндекс развивает одну из крупнейших в России открытых экосистем. Приоритетом и важной ценностью этой экосистемы являются интересы наших пользователей и партнеров. Независимый консультативный совет поможет нам лучше понимать эти интересы, учитывать их при развитии наших сервисов и продуктов и делать экосистему Яндекса прозрачнее для всех», — отметил управляющий директор группы компаний Яндекса Тигран Худавердян.
В совет вошли восемь представителей деловой и академической среды и социальной сферы, в том числе Ярослав Кузьминов и Игорь Агамирзян. Кроме того, членом совета стал Дмитрий Гриц — управляющий партнер фирмы «Гриц и партнеры», доцент факультета права НИУ ВШЭ, директор Центра проектного взаимодействия бизнеса и права НИУ ВШЭ. Председателем совета стал декан экономического факультета МГУ Александр Аузан. В составе совета сформированы постоянно действующие комитеты —  комитет по безопасности данных партнеров и пользователей, комитет по цифровой этике и комитет по открытости экосистемы. Последний возглавил Ярослав Кузьминов.

Ярослав Кузьминов, научный руководитель НИУ ВШЭ
Ярослав Кузьминов, научный руководитель НИУ ВШЭ

«Экосистемы, которые сегодня строят ведущие мировые цифровые корпорации (а Яндекс, безусловно, один из глобальных лидеров в этой области), стали весьма значимым фактором, влияющим на все сферы нашей жизни — от простого потребления до образования и ведения бизнеса. Поэтому крайне важно, чтобы экосистемы развивались в гармонии с потребностями общества и каждого конкретного человека, помогали ему развиваться, становиться лучше, образованнее, умнее, давали ему возможность осознанного выбора. Создание консультативного совета как раз и призвано решить задачи открытости и гармонизации интересов бизнеса, общества, а в будущем, весьма вероятно, и искусственного интеллекта. Особо хотел подчеркнуть тот факт, что в состав совета вошли сразу три представителя Высшей школы экономики. Это говорит о признании рынком достижений университета по исследованию процессов цифровой трансформации, подготовке специалистов в сфере компьютерных наук и внедрению новых форматов образования».

Игорь Агамирзян, профессор, вице-президент НИУ ВШЭ
Игорь Агамирзян, профессор, вице-президент НИУ ВШЭ

«Я считаю, что цифровые бизнес-экосистемы являются новой формой социально-экономического института, роль которого в изменении правил игры на рынке пока что не до конца осознана, и я с удовлетворением отмечаю, что в последнее время начинают проявляться признаки понимания особенностей этого института, в частности, в области регулирования. По крайней мере, для многих стало ясно, что применять методы регулирования столетней давности, выработанные в совершенно другой институциональной среде, по меньшей мере неэффективно именно поэтому начали проявляться попытки саморегулирования экосистем, и создание консультативного совета Яндекса по развитию экосистемы — это один из первых шагов в этом направлении у нас в стране. Фундаментальной особенностью цифровых бизнес-экосистем, отличающей их от других рыночных институтов, на мой взгляд, является возможность максимизации ценности для всех участников экосистемы, другими словами — формирование win-win ситуации или (да простят меня специалисты) игры с ненулевой суммой. Феномен цифровых бизнес-экосистем, несомненно, на сегодня плохо исследован, и достаточно давно меня интересует. Под моим руководством над этой тематикой на кафедре менеджмента инноваций работают аспиранты и магистранты, и я надеюсь, что моё участие в работе консультативного совета поможет мне самому лучше понять, как взаимодействие между участниками экосистемы позволяет создавать дополнительную ценность, ну и, возможно, мои соображения по оптимизации взаимодействия помогут Яндексу в решении задач, важных для всей нашей экономики. И, как мне кажется, участие в этой работе представителей ведущих российских университетов — МГУ и НИУ ВШЭ — показывает как серьезный подход Яндекса к этой теме, так и заинтересованность академической среды в исследовании и осознании этого нового социально-экономического института».";идеи и опыт, профессора, экспертиза;Яндекс, консультативный совет, совет, экосистема, открытая экосистема, экосистема Яндекса, НИУ ВШЭ, цифровая бизнес-система, экспертиза, Ярослав Кузьминов, цифровой
"Абитуриентов ждет увеличение бюджетных мест, расширение перечня индивидуальных достижений, изменения в составе вступительных испытаний на некоторых направлениях, появление новых и усовершенствование старых программ в бакалавриате и магистратуре. Рассказываем о наиболее важных пунктах, касающихся приема в НИУ ВШЭ в 2022 году.

Подача документов в бакалавриат
В этом году условия участия в конкурсе остаются прежними: для поступления можно выбрать пять вузов, а количество направлений каждая образовательная организация устанавливает самостоятельно (от 2 до 10). В Вышку и ее кампусы можно подать документы на три направления подготовки или специальности, при этом на все программы в рамках одного направления. 

Прием документов будет осуществляться тремя способами: очно, онлайн (через личный кабинет абитуриента НИУ ВШЭ или «Госуслуги») и через операторов почтовой связи. Вступительные испытания в 2022 году будут проведены дистанционно.

Сроки приема документов и зачисления
В этом году приемная кампания в бакалавриат ВШЭ впервые начнется в ранние сроки. С 1 февраля по 15 августа абитуриенты смогут подавать документы на онлайн-программы. При этом на все остальные программы прием документов пройдет в уже привычные всем сроки — с 20 июня по 25 июля.

Исключение составляют программы, на которых проводятся творческие испытания: «Мода» и «Дизайн» — прием завершится 19 июля; «Журналистика» и «Медиакоммуникации» — прием до 7 июля. Подача документов для поступающих по внутренним экзаменам ВШЭ вместо ЕГЭ завершится 11 июля.

Зачисление в этом году снова пройдет в одну волну. При этом важно отметить, что традиционная «зеленая волна» НИУ ВШЭ сохраняется. Абитуриентов, вошедших в список «зеленой волны», т.е. в список приглашенных и представивших заявление о согласии на зачисление и оригинал документа об образовании, ждет зачисление в НИУ ВШЭ на бюджетное место или место за счет средств университета.

30 июля будут зачислены поступающие без вступительных испытаний в рамках особой и целевой квоты, 9 августа — поступающие по результатам ЕГЭ. Зачисление на платные места будет завершено 29 августа.

Вступительные испытания
В текущую приемную кампанию у абитуриентов расширились возможности поступления в Высшую школу экономики. Ряд образовательных программ учитывают альтернативные вступительные испытания, т.е. абитуриент может выбрать, какой предмет сдавать для поступления, или выбрать максимальный результат из имеющихся. 

Например, для поступления на программы «Городское планирование» и «Мировая экономика» в прошлом году надо было представить результаты ЕГЭ по математике, русскому языку и обществознанию (для второй программы — еще и по иностранному языку). В этом году поступающие на эти направления смогут по своему усмотрению выбрать, зачесть как вступительное испытание обществознание или географию. 

На образовательной программе «Бизнес-информатика» произошла замена предмета вступительного испытания: вместо иностранного языка — информатика.

Олимпиады и конкурсы
В 2022 году расширился перечень учитываемых при поступлении в бакалавриат (специалитет) НИУ ВШЭ достижений. Например, все так же принимаются результаты участия в конкурсах, проводимых НИУ ВШЭ, таких как «Высший пилотаж», олимпиада школьников «Ступени», командная олимпиада «Высшая проба» по программированию и других.

В части учета индивидуальных достижений изменения коснулись количества баллов, которые даются за тот или иной результат. Например, победители и призеры чемпионата по профессиональному мастерству среди инвалидов и лиц с ОВЗ «Абилимпикс» получат 10 баллов вместо прошлогодних 3, а призеры ВСОШ, если не пользуются своим достижением как правом поступления без вступительных испытаний или зачета максимального балла по предмету, — 10 баллов вместо 8.


© Высшая школа экономики
Также увеличились баллы за победу и призовые места в чемпионате сочинений «Своими словами», в конкурсах «Большая перемена», «Моя страна — моя Россия», WorldSkills Russia и других. 

Новые программы бакалавриата
В 2022 учебном году ВШЭ будет вести набор на 92 образовательные программы бакалавриата, из них 14 новых (в том числе три от Института классического Востока и античности — т.н. «мерцающие», набор на которые ведется раз в несколько лет).

Возросло количество онлайн-программ: к уже существующим двум добавились «Экономический анализ» в Москве и «Цифровые платформы и логистика» в Санкт-Петербурге.

Важным изменением во всех кампусах стало объединение нескольких программ. Например, «Бизнес-информатика» и «Программная инженерия» (НИУ ВШЭ — Пермь) в этом году будут реализовываться как единая программа «Разработка информационных систем для бизнеса», а программы «Управление бизнесом» и «Экономика» в Санкт-Петербурге, Нижнем Новгороде и Перми объединились в единый многопрофильный конкурс «Международный бакалавриат по бизнесу и экономике».

Количество мест
Количество бюджетных мест на программах бакалавриата во всех кампусах увеличилось до 3803 (в прошлом году — 3647). 

Кроме того, НИУ ВШЭ продолжает выделять собственные средства на обучение талантливых студентов, поступивших с высокими баллами ЕГЭ сверх контрольных цифр приема на программы, где бюджетные места были целиком заняты призерами и победителями олимпиад. Вышка предоставляет места за счет средств вуза и участникам проекта «Социальный лифт». Это проект, направленный на поддержку абитуриентов, которые в силу различных социальных факторов и жизненных обстоятельств не могут на равных конкурировать с большинством поступающих в борьбе за бюджетные места, равно как и не могут оплачивать свое обучение.

В Вышке есть возможность платного обучения, на которое можно получить скидки по результатам ЕГЭ и иным основаниям в размере от 25 до 70%.

Прием в магистратуру
В 2022 году прием будет осуществляться на 182 образовательные программы во всех кампусах Вышки. Среди них 9 новых программ, 17 модернизированных и 8 программ, которые объединили существующие. Также реализуются 5 программ совместно с Coursera и 3 — с «Нетологией».

К имеющимся 9 онлайн-программам добавилось еще 4: «Международный юридический менеджмент», «Кибербезопасность», «Управление стратегическими коммуникациями» и LegalTech.

В магистратуре выделено 3273 бюджетных места (в прошлом году — 3172) и 3231 платное место (3139 в 2021 году). Для поступающих на коммерческой основе так же, как и в бакалавриате, действует система скидок: 25, 50 и 70%.

Условия организации конкурса сохраняются с прошлого года: поступающие в НИУ ВШЭ в Москве, Санкт-Петербурге и Нижнем Новгороде могут подать документы одновременно на две программы в каждом кампусе, в Перми количество программ для подачи документов не ограничено.

Сроки приема документов, проведения вступительных испытаний и зачисления практически не меняются. Подать документы на бюджетные программы очной формы можно с 20 июня по 26 июля, а на платные программы — с 20 июня по 19 августа. 

Зачисление на бюджетные очные программы завершится 24 августа, на платные места очных программ — 31 августа.

На онлайн-программу заочной формы обучения «Магистр по наукам о данных / Master of Data Science» прием начинается 1 ноября 2021 года, на остальные онлайн-программы очной формы обучения прием начинается 1 февраля:

 «Машинное обучение и высоконагруженные системы» (Москва); 

 «Магистр по наукам о данных / Master of Data Science» (Москва);

 «Магистр прикладной и сетевой аналитики / Master of Data and Network Analytics» (Москва); 

 «ЛигалТех / LegalTech» (Москва); 

 «Магистр по компьютерному зрению / Master of Computer Vision» (Нижний Новгород); 

 «Кибербезопасность» (Москва); 

 «Экономический анализ» (Москва);

 «Маркетинг-менеджмент» (Москва);

 «Международный юридический менеджмент» (Москва) — переименование ОП «Управление юридическим бизнесом и правовой службой компании»;

 «Управление цифровым продуктом» (Москва); 

 «Магистр аналитики бизнеса / Master of Business Analytics» (Москва);

 «Финансы / Master of Finance» (Москва); 

 «Управление стратегическими коммуникациями» (Москва). 

Для иностранных абитуриентов
Ежегодно в НИУ ВШЭ поступает все больше и больше иностранных студентов. Так, в 2021 году в Вышку подали онлайн-заявки 8354 абитуриента. В бакалавриат было подано 5285 заявок, в магистратуру — 3069. Несмотря на ограничения, связанные с пандемией, в Высшую школу экономики поступили 2055 студентов из 156 стран! Тенденция увеличения числа иностранных абитуриентов понятна: ВШЭ предлагает не только разные уровни обучения, разные форматы на английском и русском языках, онлайн и офлайн, но и удобную подачу заявок и персональные консультации.

В бакалавриат и магистратуру иностранные граждане поступают в рамках отдельного конкурса и могут получить стипендию с полным покрытием стоимости обучения или грант с частичной оплатой стоимости обучения. Всего выделено 1300, полностью покрывающих стоимость обучения, и 800 частичных грантов (покрывают стоимость обучения в размере 25, 50 и 70%).

При поступлении в бакалавриат, в том числе на англоязычные программы в Москве, можно перезачесть международные сертификаты по английскому языку и математике, например IELTS, TOEFL, A-Level, и результаты прочих международных экзаменов (биология, русский язык как иностранный и т.п.).

Абитуриенты бакалавриата могут проверить свои шансы на поступление уже сейчас, пройдя тренировочные тестирования. Абитуриентам магистратуры необходимо загрузить свои документы и таким образом принять участие в конкурсе портфолио. Важно ознакомиться с критериями отбора на сайте программы.

Сотрудники Консультационного центра для иностранных абитуриентов готовы проконсультировать абитуриентов и их родителей по электронной почте inter@hse.ru, по телефону +7 (495) 531 00 59 или в WhatsApp +7 (916) 311 85 21.

Все новости приема публикуются в соцсетях на русском и английском языках, там же можно получить и ответы на свои вопросы: «ВКонтакте», Facebook, Telegram для бакалавров или Telegram для поступающих в магистратуру.

Подробнее о приеме в бакалавриат ВШЭ можно узнать здесь, в магистратуру ВШЭ — здесь.";новое в ВШЭ, студенты, официально, разъяснение нововведения, бакалавриат, магистратура;вступительные испытания, абитуриент, документ, прием документов, НИУ ВШЭ, бакалавриат, магистратура, программа, поступление, обучение, бюджетное место, платное место, балл, конкурс
"До 5 ноября продолжается прием на совместную программу профессиональной переподготовки HSE/FIFA/CIES «Спортивный менеджмент / Executive Programme in Sports Management». Она рассчитана на 570 часов, для поступления необходимо иметь высшее образование, пройти конкурс портфолио и собеседование. Чем интересна программа и почему она необходима тем, кто работает в сфере спортивного менеджмента, выпускники 2021 года рассказали новостной службе портала.

Павел Полуэктов, один из самых популярных в Москве фитнес-тренеров, о программе узнал случайно из интернета в конце октября прошлого года, незадолго до окончания набора. Тут же собрал документы, прошел собеседование и был зачислен. Обучаясь на программе, он хотел, с одной стороны, получить новые знания, чтобы более профессионально вести бизнес, связанный со спортивными пищевыми добавками; с другой стороны, преодолеть эмоциональное выгорание, которое, по его признанию, в тот период он остро ощущал.

Учеба оправдала ожидания. «У меня сложилось общее понимание спортивного менеджмента, я узнал о российских и зарубежных кейсах, научился управлять конфликтами, — рассказывает Павел. — Преподаватели — профессионалы своего дела. Мы им задавали каверзные вопросы, и они на все отвечали. Было понятно, что люди в своей теме разбираются от начала до конца, знают все нюансы. Итоговый проект, который я выполнял вместе с другими слушателями, был посвящен восстановлению спортсменов, и мы быстро нашли общий язык, искали информацию, распределяли роли. Это был настоящий интеллектуальный труд и одновременно обмен опытом».

Павел Полуэктов, тренер звезд, специалист по физической подготовке


Фото: Павел Полуэктов / Instagram
От учебы на совместной программе HSE/FIFA/CIES «Спортивный менеджмент» есть практическая польза. Теперь, прежде чем принять участие в бизнес-проектах, которые мне предлагают, я задаю четкие вопросы и понимаю, какие ответы хочу на них получить. Раньше я был просто спортсменом, который занимался бизнесом ради идеи, а теперь у меня есть знания маркетинга и менеджмента, я стал более целостным, спокойным, умею вести переговоры. Все это помогает отделять нелепые проекты от перспективных. Я уже скучаю по Высшей школе экономики и в будущем хотел бы продолжить обучение в магистратуре — вернуться в прекрасную научную и в хорошем смысле слова конкурентную среду.

Сергей Расулов более десяти лет работал в пресс-службе футбольного клуба «Анжи», последние три года был ее руководителем. Одновременно начал работать в Российской премьер-лиге, где сейчас возглавляет digital-отдел и одновременно исполняет обязанности пресс-атташе.

«В современном мире учиться нужно постоянно. Нельзя в какой-то момент остановиться и сказать: “Теперь я знаю все”. Нужно постоянно получать новые прикладные знания, развиваться в новых для себя сферах, — считает Сергей. — Профессиональный спортивный менеджер сегодня должен иметь несколько образований и учиться всю жизнь. Я прекрасно отдаю себе в этом отчет и поэтому давно искал программу, с помощью которой смогу подтянуть свои теоретические знания и при этом обмениваться знаниями и опытом с людьми, которые работают в спорте и знают, как он устроен».

О совместной программе HSE/FIFA/CIES Сергей узнал несколько лет назад, слышал много лестных отзывов от коллег, которые ранее на ней учились, в том числе от Евгения Савина (выпускника первого набора и ныне одного из лидеров программы) и Ани Галлай, долгое время работавшей в пресс-службе «Локомотива».

По мнению Сергея, каждый модуль программы дал ему новые знания и помог развить уже имеющиеся навыки. Он особо отмечает модули, посвященные спортивному маркетингу и коммуникациям, лекции профессора Дмитрия Кузнецова по управлению конфликтами, по управлению коллективами и по стратегическому менеджменту. Самыми полезными для себя считает модули спортивного права и финансов. С огромным удовольствием слушал лекции Михаила Косова и Михаила Картузова.

В своей сегодняшней работе Сергей практически каждый день сталкивается с ситуациями, которые разбирали и обсуждали во время учебы. Стал лучше разбираться в финансовых и правовых вопросах, в проведении соревнований и управлении спортивными объектами. Он не готов останавливаться на достигнутом, хочет и дальше расти в спортивной среде, работать в том числе на международных турнирах, сотрудничать и обмениваться опытом с коллегами из смежных отраслей. Сергей остается на связи с Вышкой, считает ее своим вторым домом, тем более что университет сотрудничает с Российской премьер-лигой.

Сергей Расулов, руководитель digital-отдела Российской премьер-лиги


Фото из личного архива
Индустрия спорта — это одно из самых ярких, непредсказуемых и стремительно развивающихся явлений в современном мире. Быть ее частью — счастье и удовольствие. В стенах Вышки я познакомился с прекрасными людьми и большими профессионалами как из числа преподавателей, так и из числа слушателей программы. Вообще слушатели — это одно из ее ключевых конкурентных преимуществ. Со мной вместе учились менеджеры из крупнейших российских и международных компаний. Связи, которыми ты обрастаешь за время обучения, будут помогать тебе на протяжении всей карьеры.

Алексей Левинский, руководитель направления спонсорских проектов букмекерской компании Parimatch Russia, решив получить профильное образование по спортивному менеджменту, выбрал Вышку из нескольких вузов. На решение повлияли высокий статус университета, известность программы в профессиональном сообществе, а также звездный преподавательский состав.

Когда он приступил к учебе, оказалось, что еще одно преимущество — состав слушателей. Среди них есть и профессиональные спортсмены, чья работа сегодня связана с менеджментом, и специалисты, начавшие карьеру в других сферах, а теперь продолжившие ее в спорте. Алексей здесь встретил заочных знакомых — компетентных коллег, с которыми пересекался по работе в рамках совместных проектов, из футбольного клуба «Крылья Советов» и из компании Nielsen Sports. Теплая атмосфера, сложившаяся в группе, способствовала неформальному образованию, когда слушатели учатся друг у друга.

Из всего спектра курсов Алексея больше всего интересовали те, которые связаны со спортивным маркетингом и спонсорством. Очень понравился курс спортивного права, тем более что знания по этой теме с практическими примерами в принципе сложно где-либо получить. «Работа в спортивной сфере имеет особую специфику, например в части формирования бюджета организаций и, конечно, взаимодействия с людьми. Благодаря программе я разобрался во многих аспектах спортивного менеджмента еще до того, как столкнулся с конкретными проблемами, — отмечает Алексей. — Так что теперь готов к их решению, буду закреплять полученные знания на практике».

Алексей Левинский, руководитель направления спонсорских проектов компании Parimatch Russia


Фото из личного архива
Спортивный менеджмент и маркетинг — очень популярная сфера, здесь большая конкуренция, и людям без хорошего образования и опыта работы сложно сюда попасть. Когда я размещаю вакансии, чтобы найти того или иного специалиста, и анализирую поток резюме, то всегда обращаю внимание, в каком вузе соискатель учился. Если он окончил какую-либо программу в Высшей школе экономики, это показывает, что у него есть тяга к знаниям, что он хочет и может развиваться, что не стоит на месте и готов остаться в нашей профессии надолго.

Екатерина Морозова, главный менеджер образовательных программ Центра мобильности волонтеров Ассоциации волонтерских центров, специалист по работе с волонтерами АНО «Организационный комитет — 2018», на совместную программу HSE/FIFA/CIES собиралась поступать давно, поскольку слышала о ней много хороших отзывов. Хотела подкрепить свой практический опыт теоретическими знаниями в области спортивного менеджмента.

«Это грамотно выстроенная программа, охватывающая разные составляющие спортивного менеджмента, — рассказывает Екатерина. — Здесь замечательные преподаватели, большинство из которых —действующие специалисты в спортивной индустрии. Для меня особенно ценным был модуль, посвященный организации спортивных соревнований. Лекции Антона Бакеева и Вероники Мюльхофер позволили систематизировать и дополнить мои знания в этой сфере. Запомнился и модуль по спортивному праву, который, несмотря на всю свою сложность, оказался очень интересным во многом благодаря замечательным лекторам».

Екатерина Морозова, главный менеджер образовательных программ Центра мобильности волонтеров Ассоциации волонтерских центров, специалист по работе с волонтерами АНО «Организационный комитет — 2018»


Фото из личного архива
Совместная программа HSE/FIFA/CIES — это не только получение знаний от преподавателей, но и нетворкинг. В нашей группе собрались лучшие специалисты в области спорта, мы в том числе обменивались опытом друг с другом. Конечно, особенно запомнилась групповая работа. У нас сформировалась потрясающая команда единомышленников. Мы с головой погрузились в проект, провели невероятное количество зум-встреч за его обсуждением и, что я считаю самым большим нашим успехом, апробировали проект еще во время обучения. Сейчас, после завершения программы, мы продолжаем над ним работать.

Отзывы других выпускников совместной программы HSE/FIFA/CIES «Спортивный менеджмент / Executive Programme in Sports Management» можно прочитать здесь.";идеи и опыт, выпускники, приглашение к участию, дополнительное образование;Спортивный менеджмент, спортивный маркетинг, HSE/FIFA/CIES, Executive Programme in Sports Management, спортивный, спортсмен, спорт, программа, дополнительное образование, образование, Вышка, компания, проект
"29-30 октября в онлайн-формате пройдет юбилейная Х Конференция по финансовой экономике, организованная МИЭФ НИУ ВШЭ. Владимир Соколов, заведующий лаборатории по финансовой экономике (МНУЛ), на базе которой проводится конференция, рассказал об участниках, ключевых темах докладов и о том, как они повлияют на мировую экономику.

Об идее конференции
Лаборатория по финансовой экономике существует c 2010 года, первая конференция, организованная лабораторией, прошла в 2011 году. Идея была в том, чтобы создать центр международных финансовых исследований и заявить о себе как об авторитетной и активной исследовательской группе. За эти годы нас посетили ученые из самых разных мировых университетов, благодаря конференции у МИЭФ и лаборатории сложилась репутация нового центра притяжения на карте молодых исследовательских центров, которая вызывает все больший интерес к сотрудничеству и коммуникации с нашими учеными.

Каждое лето наша лаборатория также проводит Воркшопы по финансам, последние годы – в гибридном формате. Такие мероприятия служат площадкой для обмена исследовательскими идеями на базе МИЭФ и Вышки в целом, а также способствуют развитию студентов с точки зрения знакомства с академическими исследованиями.

О географии участников
Конференция 2021 года юбилейная и вторая в режиме онлайн, что позволило нам расширить географию. В этот раз выступят ученые из ведущих университетов Северной Америки, Европы и Юго-Восточной Азии. Онлайн-формат позитивно влияет на состав участников и разнообразие программы. Он сильно упростил возможность привлечения видных участников, они действительно быстрее соглашаются, поскольку им не нужно тратить время на путешествие, различные решения административных вопросов, переносы в расписании и другие трудности совмещения академической мобильности и преподавательской работы.

Решительность исследователей к участию стала той положительной стороной онлайн-формата, которая позволяет нам расширить программу

Теперь конференция по финансовой экономике может называться не просто международной, но глобальной по охвату. Например, у нас ни разу до этого года не выступали представители южно-азиатских университетов, в этом году у нас есть два участника конференции из университетов Гонконга и Сингапура.

При этом у онлайн формата есть один большой минус: отсутствие неформального личного общения, что не менее важно для разного рода сотрудничества в академической среде. Проблема отсутствия личного контакта, особенно на международном уровне, к сожалению, сейчас касается всех профессий.

О программе
В рамках каждой конференции по финансовой экономике обязательно выступает один главный докладчик. Как правило это ученый, сделавший наиболее видный вклад в финансовую науку, и который привносит перспективу, иную оптику, заставляет задуматься о новых вопросах в финансовой науке остальных участников. Также мы стараемся вводить в программу «новичков» - молодых спикеров, которые только начинают академическую карьеру, но при этом проводят крайне интересные исследования. Конференция дает им возможность проявить себя на международном уровне.

Особенность нашей конференции в том, что мы не выбираем какую-то общую тему и не задаем одну линию. Наш формат – конференция по финансам широкого профиля, где мы собираем теоретические и эмпирические исследования в разных направлениях финансовой науки.

В этом году будут представлены глубокие работы по теории аукционов, по банковской конкуренции и теории финансовых сетей, наряду с ними есть несколько интересных прикладных работ. Например, статья Марцина Касперчика из Imperial College London, посвященная влиянию банковского кредитования на углеродный след (Carbon Emissions and the Bank-Lending Channel). На мой взгляд, это крайне актуальная тема в контексте внимания инвестиционной сферы к «зеленым» проблемам и экологичному функционированию бизнеса.

Владимир Соколов
Владимир Соколов
© МИЭФ
Можно будет познакомиться с не менее актуальным исследованием Джанет Джао Dirty Money: How Banks Influence Financial Crime, которая исследует феномен «отмывки» денег и связанную с этим политику отчетности банков, во многом провоцирующую финансовые преступления.

Наш ключевой докладчик профессор Кристина Парлор из университета Калифорния Беркли готовит очень интересную работу по бирже на основе смарт-контрактов на платформе Ethereum (Decentralized Exchanges). Сейчас тема цифровых активов и разного рода вопросов, связанных с их регулированием, стоит очень остро. Кристина сделала важное фундаментальное исследование одной из ведущих мировых криптовалют – Ethereum. Лично я особенно жду ее доклада, поскольку для меня, моих коллег и многих студентов тема криптовалют представляет особый интерес. Кроме того Кристин Парлор уже выступала в МИЭФ три года назад и продемонстрировала свое искусство не только как исследователя, но и как выдающегося спикера.

Об участниках из Вышки
МИЭФ НИУ ВШЭ на конференции представят три участника: я выступлю с докладом Money Illiquidity, мои коллеги Алексей Булатов и Винсент Фардо будут дискуссантами по статьям других участников. Коммуникация с дискуссантами – один из важейших аспектов для ученого, представляющего на конференции свою самую свежую работу. Поскольку в программе только неопубликованные статьи, формат дискуссии с авторитетным коллегой помогает внести диалектику, рассмотреть предложенную идею в новом ключе, дает возможность получить обратную связь для дальнейшей эффективной работы ученого в этом направлении. Новые мнения и идеи также служат для всех нас импульсом к новым исследованиям.

О прикладной важности конференции
Для регуляторов конференция также представляет интерес. Теоретические работы, возможно, менее актуальны в смысле ежедневной политики, но они всегда служат фундаментом для выстраивания стратегий в долгосрочной перспективе, что играет огромную роль в восприятии обществом инноваций. Прикладные статьи, в которых получены количественные результаты и приведены конкретные кейсы, уже могут быть использованы разного рода государственными структурами для разработки программ в том или ином направлении.

Ежегодно конференция приносит большую пользу нашим студентам с точки зрения приобщения к академическому миру и насущным научным вопросам. Они могут принимать участие как слушатели, комментаторы и участники дискуссий. Зачастую их участие играет определяющую роль в выборе темы для ВКР или программы PhD. Мы рады интересу к нашей конференции всех внешних участников, неравнодушных к передовой науке и желающих стать сопричастными к исследовательской работе ведущих ученых в области финансов.
";профессора, дискуссии, приглашение к участию, международное сотрудничество, международная конференция;X Конференция по финансовой экономике, конференция, исследовательский, исследование, исследователь, университет, финансовый, международная конференция, международное сотрудничество, участник, ученый, работа
"НИУ ВШЭ вручена ежегодная премия «Импульс добра» в номинации «За лучшую российскую образовательную программу в сфере социального предпринимательства». Программа профессиональной переподготовки «Мастер управления в социальном предпринимательстве “Социальные инновации и предпринимательство”» разработана и реализуется Центром исследований гражданского общества и некоммерческого сектора НИУ ВШЭ.

«Импульс добра» — ежегодная премия, десять лет назад учрежденная Фондом региональных социальных программ «Наше будущее». Она присуждается социальным предпринимателям, представителям общественных организаций, руководителям государственных структур и профильных ведомств, СМИ и образовательным учреждениям. Лауреатов премии «Импульс добра» определяет Общественный совет фонда «Наше будущее», в состав которого входят общественные деятели, руководители государственных и общественных организаций, представители органов исполнительной и законодательной власти. Председателем Общественного совета является учредитель фонда «Наше будущее» Вагит Алекперов.

В связи со сложившейся эпидемиологической обстановкой церемония вручения наград в этом году прошла в онлайн-формате.

В 2020 году фонд не присуждал премию «Импульс добра», а средства, выделенные на ее организацию, получили 40 социальных предпринимателей, чей бизнес существенно пострадал от пандемии. В этом году победителей выберут в семи номинациях из 200 поступивших заявок из 47 регионов РФ. Как было отмечено во время торжественной церемонии, сегодня с полным правом можно сказать, что номинанты премии — это настоящие лидеры России, уверенные в себе, знающие свое дело, умеющие добиваться результатов и приносить ощутимую пользу обществу: «Время само укрепило наши позиции, превратив редкие капли добра в целый океан работающих и развивающихся социальных проектов». Этот год в России объявлен Годом науки и технологий, а социальных предпринимателей можно назвать настоящими инноваторами в своих отраслях.

На церемонии открытия прозвучало приветствие участникам и фонду от президента России Владимира Путина: «Приветствую вас на церемонии награждения лауреатов ежегодной премии «Импульс добра». Проект, придуманный и воплощенный в жизнь фондом «Наше будущее», решает важные актуальные задачи. Он поддерживает перспективные инициативы в сфере социального предпринимательства, отдает дань признания тем, кто своим созидательным трудом содействует решению серьезных, волнующих общество проблем. Благодаря их энергии и неравнодушному отношению к делу в разных регионах страны успешно реализуются программы, направленные на улучшение экологической обстановки и совершенствование туристической инфраструктуры, создаются рабочие места для людей с ОВЗ, а в поселках и малых городах — новые производства. Убежден, что вручение премии вызовет широкий общественный интерес и будет способствовать продвижению благородных идей социального предпринимательства».

Поступили также приветствия от председателя правительства Михаила Мишустина, заместителя председателя Совета Федерации ФС РФ Галины Кареловой, председателя Государственной думы ФС РФ Вячеслава Володина. С приветственным словом к участникам обратился учредитель фонда «Наше будущее» Вагит Алекперов.

Получая премию, директор Центра исследований гражданского общества и некоммерческого сектора НИУ ВШЭ Ирина Мерсиянова поблагодарила организаторов, партнеров и членов жюри премии, которые так высоко оценили образовательную программу «Мастер управления в социальном предпринимательстве “Социальные инновации и предпринимательство”».

Ирина Мерсиянова


© Фонд «Наше будущее»
Благодаря нашей программе впервые в России появились дипломированные мастера управления в социальном предпринимательстве: наши ученики не только по духу и призванию меняют жизнь к лучшему, их профессиональные компетенции подтверждены записью в их дипломах о профессиональной переподготовке. Получение такой награды как общественного признания — для нас не только большая честь, но и большая ответственность, в первую очередь перед нашими слушателями. Проекты, которые уже защитили два потока наших выпускников в своих квалификационных работах, нацелены не только на извлечение прибыли, но и ориентированы на позитивные изменения в обществе. Благодаря каждому проекту может появиться в нашем обществе чуть больше добра. Очень часто наши ученики в начале обучения не знают, как добиться своей цели, но главное — они знают ответ на вопрос, зачем они это делают. И это главный мотив для получения новых знаний и дальнейшего профессионального роста!

Программа была открыта два года назад и за это время успела стать своего рода платформой для формирования сообщества неравнодушных людей — социальных предпринимателей, которые хотят и могут решать социальные и культурные проблемы и трудиться на благо общества. Отдельно стоит отметить вклад фонда «Наше будущее», благодаря поддержке которого социальные предприниматели из разных регионов России получили возможность обучаться тонкостям развития социальных бизнес-проектов.

Новый поток обучения по программе профессиональной переподготовки «Мастер управления в социальном предпринимательстве “Социальные инновации и предпринимательство”» стартует в ноябре 2021 года.";достижения, репортаж о событии, дополнительное образование, социальное предпринимательство;премия «Импульс добра», премия, «Импульс добра», фонд «Наше будущее», общественный, социальный, образовательная программа, программа, социальное предпринимательство, церемония, НИУ ВШЭ
